n,k,top_eig_gap_bp,top_eig_match_rate,top_eig_runtime_ms,greedy_gap_bp,greedy_match_rate,greedy_runtime_ms,lasso_gap_bp,lasso_match_rate,lasso_runtime_ms,sa_gap_bp,sa_match_rate,sa_runtime_ms,slh_seed_gap_bp,slh_seed_match_rate,slh_seed_runtime_ms,slh_gap_bp,slh_match_rate,slh_runtime_ms
10,3,11.494328949048255,0.0,0.09421997237950563,0.03375647286164092,0.8,0.18654000014066696,3.0430200815803037,0.0,9.597420017234981,0.0,1.0,4.7880199970677495,3.618202893349012,0.0,0.1291600288823247,0.0,1.0,0.07831996772438288
15,4,11.194472892199215,0.0,0.07142005488276482,0.12079207538960232,0.4,0.29014002066105604,1.9796568482285408,0.2,8.204240002669394,0.0,1.0,6.69840001501143,2.4098214746318183,0.0,0.15493999235332012,0.0009281731983890908,0.8,0.09169997647404671
20,5,13.982018182649323,0.0,0.11191996745765209,0.04507235536339969,0.4,0.5368599900975823,4.791357865828378,0.0,10.282719996757805,0.005623929826086525,0.8,8.06696000508964,3.85206637287878,0.0,0.19304000306874514,0.0,1.0,0.11027995496988297
30,5,16.638499471086668,0.0,0.22301995195448399,0.012942209872405208,0.8,0.7471199613064528,4.207866634973508,0.0,10.178980021737516,0.09946069187094812,0.4,8.315180009230971,3.573896594302127,0.0,0.1746600028127432,0.0,1.0,0.1066399971023202
50,5,21.854327506894045,0.0,0.3083599964156747,0.10599520097727821,0.2,1.2270200066268444,6.321455341432136,0.0,13.684500008821487,0.3776052878213124,0.0,8.937020017765462,3.423152905517786,0.0,0.22772003430873156,0.0,1.0,0.13135999906808138
