{
  "synthetic": {
    "n": 200,
    "k": 40,
    "rho": 0.2,
    "a": 2.0,
    "y_a_predicted": 0.5398,
    "betas": [
      0.0,
      0.3,
      0.7,
      1.5,
      3.0,
      6.0
    ],
    "per_beta": {
      "0.0": {
        "n_samples": 2000,
        "mean_overlap": 0.20082499999999998,
        "std_overlap": 0.05568275653198214,
        "accept_rate": 1.0,
        "frac_in_forbidden": 0.1345
      },
      "0.3": {
        "n_samples": 2000,
        "mean_overlap": 0.39942500000000003,
        "std_overlap": 0.06319350738010987,
        "accept_rate": 0.6561376440622433,
        "frac_in_forbidden": 0.9085
      },
      "0.7": {
        "n_samples": 2000,
        "mean_overlap": 0.6452625,
        "std_overlap": 0.055630419679793895,
        "accept_rate": 0.304981602234976,
        "frac_in_forbidden": 0.0025
      },
      "1.5": {
        "n_samples": 2000,
        "mean_overlap": 0.8675625,
        "std_overlap": 0.03442377221848299,
        "accept_rate": 0.06166342265109784,
        "frac_in_forbidden": 0.0
      },
      "3.0": {
        "n_samples": 2000,
        "mean_overlap": 0.9493374999999997,
        "std_overlap": 0.018654720414683232,
        "accept_rate": 0.008004743666457094,
        "frac_in_forbidden": 0.0
      },
      "6.0": {
        "n_samples": 2000,
        "mean_overlap": 0.9595374999999997,
        "std_overlap": 0.013392109383887225,
        "accept_rate": 0.0022463952224944426,
        "frac_in_forbidden": 0.0
      }
    }
  },
  "real": {
    "n": 30,
    "k": 6,
    "rho": 0.2,
    "gamma": 10.0,
    "instance_seed": 3042,
    "S_star": [
      2,
      3,
      5,
      10,
      22,
      24
    ],
    "J_star": -1.9641495957648035e-05,
    "oracle_runtime_s": 0.3545561999781057,
    "betas": [
      0.0,
      1000.0,
      5000.0,
      20000.0,
      100000.0
    ],
    "per_beta": {
      "0.0": {
        "n_samples": 3000,
        "mean_overlap": 0.1965555555555556,
        "std_overlap": 0.14566319175446749,
        "accept_rate": 1.0
      },
      "1000.0": {
        "n_samples": 3000,
        "mean_overlap": 0.21394444444444446,
        "std_overlap": 0.15304319369316122,
        "accept_rate": 0.9541644038594332
      },
      "5000.0": {
        "n_samples": 3000,
        "mean_overlap": 0.2687222222222222,
        "std_overlap": 0.15922682593949247,
        "accept_rate": 0.8020927301341669
      },
      "20000.0": {
        "n_samples": 3000,
        "mean_overlap": 0.4575,
        "std_overlap": 0.1654378309998228,
        "accept_rate": 0.44003593123334184
      },
      "100000.0": {
        "n_samples": 3000,
        "mean_overlap": 0.7983333333333333,
        "std_overlap": 0.11335375632979296,
        "accept_rate": 0.05092305569050601
      }
    }
  }
}